alpha,beta,gamma,tau,scf_cc,scf_bc,scf_bs,scf_cs
4,0.2,8,0.2,0.720713164,1.335991184,1.65937287,0.873161629
13,0.2,8,0.2,0.858096863,1.300726425,1.75202365,1.004716965
22,0.2,8,0.2,0.858019643,1.300985025,1.751646941,1.005091875
31,0.2,8,0.2,0.857328942,1.300949162,1.748966896,1.005105729
40,0.2,8,0.2,0.857339149,1.301152469,1.751170918,1.005166257
4,0.5,8,0.2,0.964197831,2.578253993,2.271834088,1.085631262
4,0.3,8,0.2,0.886447413,3.389330333,3.953222876,1.201069794
4,0.4,8,0.2,0.946342627,2.661424928,2.744838136,1.236455246
4,0.7,8,0.2,1.025293322,4.163062922,1.896407967,1.250435278
4,0.6,8,0.2,1.03998751,4.125501988,2.22377159,1.522030761
13,0.3,8,0.2,0.959203962,3.543680539,4.723751115,1.576451678
40,0.3,8,0.2,0.957477113,3.543980214,4.720769075,1.577298869
22,0.3,8,0.2,0.958327681,3.544083088,4.721514161,1.577308673
31,0.3,8,0.2,0.957776674,3.54399447,4.721068912,1.577315858
4,0.6,20,0.2,1.417840032,2.432019822,2.360704394,1.599341985
13,0.7,8,0.2,0.745378325,1.95872678,2.76731237,1.665982305
22,0.7,8,0.2,0.739859742,1.944884148,2.773681212,1.671151984
13,0.5,8,0.2,0.905791623,2.242210527,3.254614014,1.671298251
31,0.7,8,0.2,0.738106128,1.941917133,2.774294283,1.672108485
40,0.7,8,0.2,0.737537841,1.941921575,2.773756157,1.672119865
22,0.5,8,0.2,0.903188239,2.237752456,3.257674219,1.673235695
40,0.5,8,0.2,0.901831899,2.237796381,3.256466202,1.673553905
31,0.5,8,0.2,0.902311908,2.237748348,3.257000586,1.673566975
4,0.7,20,0.2,1.345816757,2.061054368,2.39060576,1.697592663
13,0.6,8,0.2,0.819915142,2.056300752,3.015096148,1.736902339
22,0.6,8,0.2,0.815369619,2.044448896,3.022098155,1.741063005
31,0.6,8,0.2,0.814382615,2.044345439,3.021397565,1.741142923
40,0.6,8,0.2,0.813855985,2.04431716,3.020781657,1.741144511
13,0.4,8,0.2,0.960170463,2.504625845,3.616878164,1.755260001
40,0.4,8,0.2,0.957775811,2.505072726,3.616464964,1.756291906
22,0.4,8,0.2,0.958887238,2.504845599,3.617451764,1.756325342
31,0.4,8,0.2,0.958162435,2.504857372,3.616925096,1.756341651
4,0.3,20,0.2,1.437682694,3.335189177,3.174538931,1.873563026
4,0.2,20,0.2,1.330705016,3.033989562,4.013328876,2.075300757
4,0.2,8,0.4,1.647873251,1.600143603,2.603008783,2.111862893
4,0.6,8,0.4,1.692222659,2.417181818,2.711273277,2.256912494
4,0.6,32,0.2,1.744969099,2.028451873,2.957409363,2.264822103
4,0.7,8,0.4,1.641703183,2.617815329,2.528896811,2.295309703
4,0.5,8,0.4,1.696791326,2.17337582,2.941999545,2.445470569
4,0.3,32,0.2,1.931138768,4.150988442,3.243673917,2.495081222
4,0.7,32,0.2,2.908134755,27.98424678,2.366303698,2.551873623
4,0.4,8,0.4,1.697564655,1.882308414,3.056976063,2.57005682
4,0.3,8,0.4,1.717745531,1.718002018,2.991158843,2.591632044
13,0.2,8,0.4,1.760184296,1.34021686,3.115354846,2.653454865
31,0.2,8,0.4,1.75776571,1.339276533,3.115714271,2.654733048
22,0.2,8,0.4,1.758726528,1.339189108,3.117137643,2.654778926
40,0.2,8,0.4,1.757636252,1.338936943,3.11779475,2.654917664
4,0.2,32,0.2,1.595965509,3.176024369,4.316416623,2.964181999
4,0.2,8,0.6,2.234928048,1.047992116,1.967134783,2.9808538
13,0.2,20,0.2,1.492464544,3.212190206,5.3334031,3.018292448
22,0.2,20,0.2,1.464928999,3.222257049,5.404397846,3.083754276
31,0.2,20,0.2,1.46555157,3.223261197,5.410904269,3.085880756
40,0.2,20,0.2,1.46529763,3.222965105,5.407557693,3.086065605
13,0.3,8,0.4,1.801727186,1.388364893,3.814662319,3.444951719
22,0.3,8,0.4,1.799482683,1.38750433,3.816772665,3.446809776
31,0.3,8,0.4,1.798198858,1.387306141,3.816940799,3.446926249
40,0.3,8,0.4,1.797592522,1.386946134,3.816968338,3.447080292
13,0.3,20,0.2,1.279130942,2.915681625,5.658507001,3.575878729
13,0.4,8,0.4,1.661322568,1.409218794,4.184830844,3.653502884
22,0.4,8,0.4,1.65816126,1.40890806,4.186812654,3.655702539
40,0.4,8,0.4,1.655506037,1.40859983,4.18669271,3.655796109
31,0.4,8,0.4,1.656449217,1.408713834,4.186949849,3.655877383
4,0.2,8,0.8,2.655250025,0.883458205,1.577978259,3.670802349
13,0.6,8,0.4,1.251126418,1.411662057,4.316760418,3.680040646
22,0.3,20,0.2,1.224729715,2.926278345,5.761212584,3.68092546
22,0.6,8,0.4,1.245240001,1.408255947,4.317739374,3.683301224
31,0.6,8,0.4,1.242969451,1.408083512,4.317380597,3.683384415
40,0.6,8,0.4,1.241805078,1.407977272,4.316951496,3.683419575
31,0.3,20,0.2,1.225109931,2.927123724,5.765953208,3.684152114
40,0.3,20,0.2,1.224722728,2.927158668,5.766224605,3.684591911
4,0.5,20,0.4,2.77975632,3.216047144,3.486158669,3.761176133
4,0.6,8,0.6,2.32621435,2.061913382,3.280915674,3.773213205
31,0.5,8,0.4,1.449025957,1.435130293,4.397710006,3.78087911
13,0.5,8,0.4,1.455312701,1.436214915,4.394422121,3.783367402
4,0.3,8,0.6,2.471047949,1.255163186,2.80202819,3.785542359
40,0.5,8,0.4,1.447983883,1.434971759,4.395620725,3.792975277
13,0.2,8,0.6,2.345075068,0.720178053,2.429505989,3.799612448
31,0.2,8,0.6,2.341465077,0.719783272,2.430167779,3.801570828
22,0.2,8,0.6,2.342823125,0.71967082,2.431121285,3.801863567
40,0.2,8,0.6,2.340717853,0.719678342,2.431538868,3.801990167
4,0.4,8,0.6,2.45380521,1.464763162,3.200905847,3.804920398
22,0.5,8,0.4,1.451140727,1.435221884,4.396106104,3.805776517
13,0.7,8,0.4,1.059399855,1.42251149,4.131821625,3.824423971
22,0.7,8,0.4,1.050477943,1.412508892,4.130360567,3.832061554
40,0.7,8,0.4,1.04695285,1.412191902,4.12893003,3.83208174
31,0.7,8,0.4,1.048162574,1.412308543,4.129397621,3.832088101
13,0.7,20,0.2,1.038613599,2.575398551,5.232326586,3.833272289
4,0.5,8,0.6,2.382943311,1.742999469,3.330691875,3.848156684
4,0.7,8,0.6,2.254599814,2.363828163,3.179833613,3.848359789
13,0.4,20,0.2,1.139020578,2.513201918,5.698784522,4.000654595
4,0.5,20,0.2,2.088506269,12.6938783,3.367372965,4.046424793
4,0.2,8,1,2.925583794,0.86476954,1.327740509,4.077290937
22,0.4,20,0.2,1.055606454,2.494125861,5.839583884,4.145125775
31,0.4,20,0.2,1.055675807,2.49455318,5.845186026,4.149288443
40,0.4,20,0.2,1.05511626,2.494605582,5.845405568,4.149870872
22,0.7,20,0.2,0.810115431,2.030783161,5.641216538,4.173293829
31,0.7,20,0.2,0.804744087,2.010925501,5.656803418,4.184976259
4,0.4,20,0.4,2.636591607,3.1137747,3.996287457,4.185147027
13,0.6,20,0.2,1.009083144,2.254547488,5.652280263,4.188809804
40,0.7,20,0.2,0.800327204,1.995965659,5.665235255,4.191507011
13,0.5,20,0.2,1.052220508,2.226874662,5.658310358,4.234645575
13,0.2,32,0.2,1.595249491,3.004133823,6.142829302,4.384341025
22,0.6,20,0.2,0.877997762,2.073434785,5.849052983,4.386156218
22,0.5,20,0.2,0.952581158,2.191777628,5.817331305,4.39870656
31,0.6,20,0.2,0.871076048,2.047350417,5.869338323,4.400592712
40,0.6,20,0.2,0.869848884,2.045539072,5.870451868,4.401896345
31,0.5,20,0.2,0.9509618,2.186926553,5.82589835,4.405224402
40,0.5,20,0.2,0.950269523,2.186941461,5.826229877,4.405891812
4,0.2,20,0.4,2.532666046,2.549320979,4.997494915,4.517130402
4,0.3,20,0.4,2.393009781,2.800237478,4.965806969,4.636814103
13,0.2,8,0.8,2.746695066,0.594227395,1.944415225,4.75254366
22,0.2,8,0.8,2.742904726,0.594058897,1.945839739,4.754499747
40,0.2,8,0.8,2.741079176,0.594654526,1.945509558,4.754967894
31,0.2,8,0.8,2.741576586,0.594399895,1.944337262,4.755746467
22,0.2,32,0.2,1.465686933,3.039361578,6.539871582,4.777557485
4,0.7,8,1,3.300979733,1.735811505,3.916781758,4.779392445
31,0.2,32,0.2,1.460904148,3.040834822,6.552939048,4.784315403
40,0.2,32,0.2,1.461164471,3.039527659,6.548764471,4.787281376
4,0.5,32,0.4,3.543270565,3.638053426,4.488207824,4.848036573
4,0.3,8,0.8,3.118798134,0.914877128,2.454852947,4.861685379
4,0.4,20,0.2,1.83331735,10.52746162,4.450331159,4.865063533
4,0.4,8,0.8,3.183407467,1.14992089,3.106453373,4.91353745
4,0.7,32,0.4,3.166930469,1.632713674,4.856522647,5.060421441
13,0.3,8,0.6,2.535091491,0.72717733,3.738202898,5.09376655
22,0.3,8,0.6,2.531072067,0.725587357,3.740939497,5.096869533
40,0.3,8,0.6,2.527760238,0.725522295,3.741535042,5.097366394
31,0.3,8,0.6,2.528957135,0.725515241,3.741528716,5.097429905
4,0.5,8,0.8,3.092782866,1.408297722,3.414809339,5.155045622
4,0.6,8,0.8,2.958946392,1.703370943,3.564323264,5.209000563
13,0.3,32,0.2,1.345160252,2.616999047,6.974181566,5.276142838
13,0.7,32,0.2,1.616368497,3.365480644,6.549480574,5.328617625
13,0.2,8,1,2.997333943,0.645504846,1.589308436,5.329684251
31,0.2,8,1,2.991213195,0.646393782,1.589077185,5.332504662
40,0.2,8,1,2.98973961,0.64630038,1.589713051,5.332739866
22,0.2,8,1,2.993176509,0.645687378,1.589727425,5.333120438
4,0.3,8,1,3.630244933,0.761563503,2.144825326,5.407513698
13,0.4,8,0.6,2.370675003,0.784588276,4.524448694,5.521945754
31,0.4,8,0.6,2.361912822,0.782864013,4.528550979,5.525183772
40,0.4,8,0.6,2.360290485,0.782973564,4.528802047,5.525350744
22,0.4,8,0.6,2.364602091,0.78297757,4.528237702,5.525499965
4,0.7,8,0.8,2.795782441,2.025884932,3.613474317,5.768346868
13,0.5,8,0.6,2.052399518,0.850004999,4.919353931,5.864122495
40,0.5,8,0.6,2.039442046,0.848036823,4.923572593,5.868243852
31,0.5,8,0.6,2.041306511,0.848185732,4.923429149,5.868677145
22,0.5,8,0.6,2.044794242,0.848454864,4.922851543,5.868774898
13,0.4,32,0.2,1.317901105,2.035673363,6.946672805,5.875283328
22,0.3,32,0.2,1.088683046,2.623406004,7.621695629,5.927151617
31,0.3,32,0.2,1.08074918,2.623385323,7.630119466,5.938081059
40,0.3,32,0.2,1.080277629,2.623958012,7.635787104,5.943024755
13,0.6,8,0.6,1.704919117,0.920677044,5.129972633,5.964320484
22,0.6,8,0.6,1.696193348,0.9188244,5.133777409,5.968559837
31,0.6,8,0.6,1.692292186,0.918489394,5.133735778,5.968827124
40,0.6,8,0.6,1.690187402,0.918388234,5.133291132,5.96888045
4,0.4,8,1,3.834538096,0.874976607,2.819149533,6.058751201
13,0.6,32,0.2,1.472620325,2.398338876,7.412112222,6.174412523
13,0.7,8,0.6,1.376374796,0.97313276,5.062830727,6.193830992
31,0.7,8,0.6,1.361829858,0.969160422,5.066435959,6.199482032
22,0.7,8,0.6,1.365793184,0.969469301,5.069424784,6.199731782
40,0.7,8,0.6,1.359660671,0.968998708,5.066527825,6.200668054
13,0.5,32,0.2,1.363854229,1.947745116,7.408941737,6.311717596
4,0.5,20,0.6,3.845200126,2.791131624,4.478880577,6.319441517
4,0.5,32,0.2,3.040394475,24.72345123,4.124160148,6.479247118
4,0.5,8,1,3.764982852,1.147651704,3.328809015,6.50503778
4,0.6,8,1,3.563597987,1.434666132,3.642742476,6.638262454
13,0.3,8,0.8,3.134358691,0.314971509,3.362796729,6.638703843
40,0.3,8,0.8,3.123413242,0.314027022,3.367588562,6.643102927
22,0.3,8,0.8,3.128431363,0.313887741,3.36595669,6.643487045
31,0.3,8,0.8,3.125382224,0.313994594,3.366494872,6.643811133
4,0.3,32,0.4,2.946504838,3.574314469,6.300010885,6.655036003
13,0.2,20,0.4,2.721494391,2.284548849,6.964761256,6.673416716
22,0.4,32,0.2,0.96878158,1.960195098,7.756633904,6.753405196
31,0.4,32,0.2,0.958052053,1.956925549,7.768194468,6.768775799
40,0.4,32,0.2,0.957190048,1.956829161,7.775189388,6.77532053
22,0.4,8,1,3.85968233,1.249353458,3.263705214,6.783890431
22,0.2,20,0.4,2.650153404,2.250871201,7.097943427,6.825924759
31,0.2,20,0.4,2.650848319,2.251145374,7.102474896,6.830928763
40,0.2,20,0.4,2.650400363,2.250338983,7.102822448,6.831377578
22,0.7,32,0.2,0.890432953,1.775114711,8.319621229,6.896368645
31,0.7,32,0.2,0.890432953,1.775114711,8.319621229,6.896368645
40,0.7,32,0.2,0.890432953,1.775114711,8.319621229,6.896368645
4,0.2,32,0.4,2.777928683,3.357023416,7.394005759,6.948288773
4,0.4,20,0.6,3.615260222,2.547753336,5.113326465,6.960527779
4,0.2,20,0.6,3.832439317,1.885485692,5.17822898,6.961324719
31,0.7,8,1,2.086020962,0.314809704,6.005273756,7.110552699
40,0.7,8,1,2.081382813,0.31478276,6.006813223,7.111106551
13,0.7,8,1,2.114190003,0.317369031,5.999846695,7.142560641
13,0.4,8,0.8,3.023943139,0.328100688,4.499177848,7.164399723
31,0.4,8,0.8,3.010855255,0.32679712,4.504339157,7.168580766
40,0.4,8,0.8,3.008700241,0.326622626,4.504491401,7.16889382
22,0.4,8,0.8,3.014787355,0.326827174,4.503784802,7.169261887
22,0.7,8,1,2.094660901,0.315140359,6.004667357,7.173310305
40,0.5,8,1,3.775289607,1.490873705,4.018391852,7.184383958
40,0.2,20,0.6,4.78710964,2.346161475,4.661504284,7.223733007
4,0.3,20,0.6,3.506802031,2.203639863,5.534560949,7.35699506
22,0.5,32,0.2,0.951809533,1.777406264,8.400022703,7.360146067
4,0.7,20,0.4,3.813270198,18.07177445,6.682189739,7.378633137
31,0.5,32,0.2,0.932970893,1.743918622,8.42997071,7.389889159
40,0.5,32,0.2,0.931591287,1.742423585,8.438454794,7.397856266
22,0.6,32,0.2,0.934861808,1.718767954,8.736961788,7.453726879
31,0.6,32,0.2,0.917847148,1.691360851,8.765685181,7.481129232
40,0.6,32,0.2,0.912355225,1.670867197,8.784179517,7.497120687
13,0.3,8,1,3.584484517,0.180266407,2.959355637,7.569961832
31,0.3,8,1,3.57277921,0.180326855,2.962042647,7.576480752
40,0.3,8,1,3.570418326,0.18051509,2.96285965,7.577410674
22,0.3,8,1,3.577699875,0.179874468,2.961888658,7.578745457
4,0.4,32,0.2,2.726570461,19.38764499,5.22377638,7.792909692
13,0.5,8,0.8,2.668853714,0.396229887,5.164978467,7.811431204
31,0.5,8,0.8,2.652088607,0.394220051,5.170936011,7.81676869
22,0.5,8,0.8,2.657348368,0.394366716,5.169501955,7.817174897
40,0.5,8,0.8,2.649303673,0.394132599,5.171799996,7.817456773
13,0.6,8,0.8,2.212718854,0.49367878,5.53154653,8.062762846
22,0.6,8,0.8,2.199329318,0.491636653,5.535851905,8.068055136
31,0.6,8,0.8,2.193442094,0.491309564,5.537072027,8.068249153
40,0.6,8,0.8,2.190392122,0.491037094,5.538439475,8.068600785
4,0.5,32,0.6,5.004172037,3.306688357,5.959300771,8.161912477
13,0.3,20,0.4,2.036998528,2.263106217,8.540305733,8.369222423
4,0.6,20,0.8,4.920098034,2.478793276,4.858219107,8.39957705
4,0.7,20,0.8,4.763210323,2.526349647,4.88697211,8.399837563
22,0.3,20,0.4,1.901578525,2.21744472,8.747625989,8.620633482
31,0.3,20,0.4,1.901573714,2.217316627,8.754866075,8.628236823
40,0.3,20,0.4,1.900509062,2.217128968,8.755770608,8.629176347
40,0.7,8,0.8,1.719850082,0.607840959,5.597004796,8.715479445
31,0.7,8,0.8,1.722762497,0.608261164,5.600073836,8.835486865
13,0.7,8,0.8,1.742808879,0.611137658,5.600717943,8.916015388
13,0.4,8,1,3.570050835,0.011674994,4.167486763,8.91736041
31,0.4,8,1,3.552149807,0.010995083,4.172635674,8.917381217
40,0.4,8,1,3.549015322,0.01159067,4.172369052,8.917970325
22,0.7,8,0.8,1.728762783,0.608831102,5.600655555,8.918909966
4,0.5,20,0.8,4.857727315,2.336981632,5.001832767,8.93372231
4,0.2,20,0.8,5.042069705,1.22899831,4.857307029,9.246258022
4,0.4,32,0.6,4.683332757,3.205502759,6.731012398,9.605503997
13,0.4,20,0.4,1.588128999,1.784665919,9.03129437,9.620582649
4,0.4,20,0.8,4.653092121,2.013434495,5.409198679,9.64691797
13,0.5,8,1,3.213096209,0.061943119,5.099194147,9.860072752
31,0.5,8,1,3.190442344,0.060513964,5.107246395,9.868164613
22,0.5,8,1,3.197687693,0.060387549,5.106341241,9.872730877
4,0.3,20,0.8,4.706420649,1.669708063,5.613137155,9.919779904
22,0.4,20,0.4,1.40196799,1.716503025,9.286642447,9.954105965
31,0.4,20,0.4,1.400968378,1.716279533,9.295791262,9.964021116
40,0.4,20,0.4,1.399737454,1.716093623,9.296656291,9.965402347
40,0.2,20,0.8,5.921603117,2.964236885,4.298010676,10.00807199
13,0.2,32,0.4,2.766962065,3.173525157,10.32449447,10.06421293
13,0.6,8,1,2.689766053,0.171406307,5.657717004,10.16017348
40,0.6,8,1,2.658945066,0.168996643,5.666436557,10.16441606
31,0.6,8,1,2.663378138,0.169726591,5.665175495,10.16637619
22,0.6,8,1,2.67128045,0.169171506,5.663925462,10.16641471
4,0.6,20,0.4,3.264901197,15.91383703,8.440138285,10.31647573
13,0.2,20,0.6,4.061079398,1.16414887,7.43244219,10.38691329
13,0.5,20,0.4,1.383127694,1.529226902,9.662250672,10.44417359
22,0.2,20,0.6,3.943207463,1.096752688,7.604182388,10.63152104
31,0.2,20,0.6,3.944274466,1.095370819,7.606712798,10.63926809
4,0.6,20,1,5.91184199,2.102159404,4.963678281,10.72329248
40,0.7,20,0.4,0.961678432,1.268580253,10.06976607,10.73167035
22,0.5,20,0.4,1.1641841,1.425150276,9.956969911,10.83044306
31,0.5,20,0.4,1.162719437,1.424714143,9.966781824,10.84156105
40,0.5,20,0.4,1.16107274,1.424484282,9.967620826,10.84311033
4,0.7,20,1,5.726861533,2.277379988,5.310055704,10.95499893
4,0.3,32,0.6,4.082448531,2.80827413,8.111841053,10.96361914
22,0.2,32,0.4,2.429809566,3.089629437,11.12941175,10.98762735
4,0.2,32,0.6,4.350435378,2.689923804,7.978892031,10.99412295
40,0.2,32,0.4,2.418133768,3.086937305,11.14899484,11.01011825
4,0.5,20,1,5.84350034,1.887214783,5.046797532,11.4281655
4,0.2,20,1,6.145493235,0.709045524,4.358630166,11.44805469
4,0.5,32,0.8,6.270362569,2.582959875,6.50427599,11.53254724
4,0.4,20,1,5.696938234,1.534764296,5.2523174,12.14717076
4,0.3,20,1,5.82674618,1.181774496,5.336817424,12.30737174
13,0.3,32,0.4,2.023379604,2.216343633,11.72384546,12.35543017
13,0.3,20,0.6,3.069572292,1.319345186,9.526966796,13.19070365
4,0.7,32,1,7.072799516,1.539221489,6.272537301,13.24304447
4,0.4,32,0.8,5.845951034,2.367232149,7.626969979,13.35215674
22,0.3,20,0.6,2.854026065,1.229470964,9.793194425,13.59254245
31,0.3,20,0.6,2.853744574,1.22869811,9.801878856,13.60439813
40,0.3,20,0.6,2.852009596,1.228315572,9.802919109,13.60599002
22,0.3,32,0.4,1.404137858,2.019180374,12.98989187,13.8908768
13,0.4,32,0.4,1.912590672,1.433941725,12.84617995,13.91361678
31,0.3,32,0.4,1.386039457,2.014785983,13.00827901,13.91646394
40,0.3,32,0.4,1.384209084,2.013822199,13.01773175,13.92805764
13,0.2,20,0.8,5.28132862,0.142701308,7.152417566,13.93111139
13,0.7,20,0.4,0.782579064,0.669734852,12.76411691,13.93372858
22,0.7,20,0.4,0.803721337,0.586603603,12.78890352,13.96556798
31,0.7,20,0.4,0.809871084,0.563407251,12.79703205,13.97429965
22,0.2,20,0.8,5.11163735,0.056040091,7.339020116,14.27041349
31,0.2,20,0.8,5.1128196,0.054032332,7.340550696,14.28089248
4,0.3,32,0.8,5.387727938,2.053962913,8.387616447,14.71434178
4,0.2,32,0.8,5.952642683,1.903500165,8.053746815,14.7788329
13,0.5,32,0.4,2.014284231,1.080021416,13.87278444,14.90664168
4,0.5,32,1,7.447550396,1.981474458,6.897150433,15.00557047
13,0.4,20,0.6,2.279003883,1.102107598,11.1188909,15.28027274
13,0.6,32,0.4,2.061963218,1.086477516,14.52228157,15.53672284
13,0.7,32,0.4,2.019290896,1.530374074,14.36198478,15.5451096
22,0.4,20,0.6,1.986667876,0.982353415,11.46236761,15.80982372
31,0.4,20,0.6,1.984964067,0.981165918,11.47550418,15.82578923
40,0.4,20,0.6,1.982594567,0.980827502,11.47681444,15.8278123
13,0.2,32,0.6,4.351770003,2.105113199,11.24555658,15.96655233
31,0.4,32,0.4,1.093591643,1.083662385,14.53242879,16.01307484
13,0.6,20,0.4,1.302749111,0.352698864,14.09929528,16.04204329
40,0.4,32,0.4,1.091439968,1.114969877,14.7370489,16.0551801
22,0.6,20,0.4,1.318235624,0.300185246,14.13234987,16.05951964
40,0.6,20,0.4,1.319278969,0.2966557,14.13366251,16.0607802
31,0.6,20,0.4,1.319311208,0.296913984,14.13332628,16.06082111
4,0.7,20,0.6,4.715647439,14.87812645,11.84616412,16.24270397
4,0.6,32,0.4,5.185227037,35.36809158,13.38280081,16.66158229
13,0.5,20,0.6,1.848017405,0.836640927,11.73072444,16.70570336
4,0.4,32,1,6.990413959,1.685002638,7.58118771,17.19935864
13,0.7,20,0.6,1.413217444,0.889871721,12.69294029,17.21941802
22,0.5,32,0.4,1.148392695,0.632404404,15.7144854,17.26916825
22,0.5,20,0.6,1.517080362,0.691858121,12.10229203,17.30470439
31,0.5,32,0.4,1.124091657,0.622423989,15.74187936,17.30850846
31,0.5,20,0.6,1.514405913,0.690546943,12.11644528,17.32241644
40,0.5,20,0.6,1.511611522,0.689994411,12.11881536,17.32475277
40,0.5,32,0.4,1.121510062,0.635822163,15.86086196,17.338105
13,0.2,20,1,6.319346768,0.613828733,6.559605322,17.37299155
13,0.6,20,0.6,1.609021823,0.783150861,12.43568612,17.43130916
22,0.2,32,0.6,3.821821781,1.879839879,12.22059793,17.4477965
31,0.2,32,0.6,3.804433282,1.875234835,12.23860241,17.47312389
40,0.2,32,0.6,3.803283509,1.874570253,12.24407751,17.48407143
22,0.7,20,0.6,1.12100817,0.747127745,13.00490546,17.701412
31,0.7,20,0.6,1.116256956,0.744254448,13.01495852,17.71649294
40,0.7,20,0.6,1.113226815,0.743710491,13.01487532,17.71853605
22,0.7,32,0.4,1.17834975,0.898745089,16.21854166,17.74302442
31,0.7,32,0.4,1.148032825,0.857079361,16.25889979,17.79169653
40,0.7,32,0.4,1.143002202,0.847486726,16.27442689,17.80984395
22,0.2,20,1,6.091077058,0.706178517,6.744965924,17.81375772
31,0.2,20,1,6.09080049,0.708338816,6.746323173,17.8222838
40,0.2,20,1,6.08890171,0.708803315,6.749987584,17.82379941
13,0.3,20,0.8,4.173453168,0.357098125,9.823850201,17.89033173
22,0.6,32,0.4,1.206425904,0.649466433,16.51169624,17.93011313
4,0.2,32,1,7.363271501,1.10259777,7.49226549,17.97131538
31,0.6,32,0.4,1.17699229,0.619174988,16.54953077,17.97852708
40,0.6,32,0.4,1.173896627,0.61740278,16.68731338,17.99712163
22,0.6,20,0.6,1.276573722,0.624517464,12.80003073,18.02033251
31,0.6,20,0.6,1.27322201,0.623625499,12.81154442,18.0370392
40,0.6,20,0.6,1.270212677,0.623091277,12.81235432,18.03929078
22,0.3,20,0.8,3.87377795,0.234035831,10.13191471,18.44417881
31,0.3,20,0.8,3.873339117,0.231783172,10.14128199,18.46078073
40,0.3,20,0.8,3.870863982,0.231295908,10.14271337,18.4628099
4,0.3,32,1,6.704218845,1.342082949,7.972192038,18.6218166
13,0.3,32,0.6,3.083456357,1.550331515,14.46014704,19.60302432
4,0.6,20,0.6,3.178247829,10.92820642,13.82085313,20.39201865
13,0.4,20,0.8,3.094553428,0.311803444,11.66163989,20.90667643
31,0.2,32,0.4,1.144275062,2.181261679,19.89005408,21.00545962
13,0.2,32,0.8,5.970694342,0.891725067,11.45772767,21.60752851
22,0.4,20,0.8,2.690730881,0.154070872,12.05357819,21.63481585
31,0.4,20,0.8,2.688292228,0.151942588,12.06596201,21.6559297
40,0.4,20,0.8,2.684892274,0.151230923,12.06768896,21.65891008
22,0.3,32,0.6,2.124727589,1.169114607,16.14404304,22.04974896
31,0.3,32,0.6,2.096366106,1.160866874,16.17069004,22.090457
40,0.3,32,0.6,2.09337041,1.158457605,16.18431672,22.10895457
13,0.4,32,0.6,2.683244274,0.740081127,15.90569322,22.21613092
13,0.3,20,1,5.139925326,0.505419106,9.483737658,22.3795469
13,0.5,20,0.8,2.395593187,0.213747533,13.15344038,22.98236535
22,0.3,20,1,4.749819453,0.6472714,9.806918243,23.08457098
31,0.3,20,1,4.74921083,0.650223463,9.815988893,23.10567242
40,0.3,20,1,4.746017286,0.650889714,9.818089538,23.10844777
22,0.2,32,0.8,5.241312374,0.545035034,12.55384457,23.65178077
31,0.2,32,0.8,5.21701482,0.538101877,12.56853906,23.6871474
40,0.2,32,0.8,5.215740367,0.53627475,12.58155039,23.70195655
22,0.5,20,0.8,1.940095742,0.03062384,13.5894439,23.79846935
31,0.5,20,0.8,1.936025866,0.028740078,13.60364403,23.82160916
40,0.5,20,0.8,1.931927435,0.028002839,13.60530176,23.82492857
13,0.5,32,0.6,2.680827808,0.442470229,17.68315408,23.91525477
13,0.6,20,0.8,1.970024748,0.254439736,14.20958744,24.03441702
13,0.7,20,0.8,1.649729412,0.460716706,14.04613169,24.08912515
4,0.4,32,0.4,1.136353135,16.05954903,19.30835969,24.48197949
22,0.7,20,0.8,1.252682338,0.289696879,14.38385504,24.7335215
31,0.7,20,0.8,1.247045858,0.288627961,14.39291421,24.75165409
40,0.7,20,0.8,1.242516868,0.28790619,14.39215554,24.75406544
22,0.6,20,0.8,1.516668303,0.064372934,14.63420897,24.82311234
31,0.6,20,0.8,1.511578843,0.062937747,14.64723528,24.84505546
40,0.6,20,0.8,1.507091824,0.062147498,14.64947842,24.84828165
13,0.6,32,0.6,2.661311944,0.46771225,18.93617684,25.24544353
22,0.4,32,0.6,1.444979748,0.185171005,18.08145989,25.49392302
31,0.4,32,0.6,1.409738936,0.173245171,18.11327187,25.54782309
40,0.4,32,0.6,1.405335594,0.170506303,18.13035986,25.57210091
13,0.7,32,0.6,2.474105217,0.786470944,19.71330741,25.80228167
13,0.3,32,0.8,4.318722671,0.581151232,14.83057524,26.32918122
13,0.4,20,1,3.85799667,0.465728118,11.39922187,26.36678001
13,0.2,32,1,7.379838698,0.261108295,10.76782452,26.54018647
4,0.7,32,0.6,8.115257817,34.41600243,20.31228545,27.10958765
22,0.4,20,1,3.334134013,0.646022496,11.81126608,27.29333424
31,0.4,20,1,3.330877814,0.64883144,11.8235513,27.32002535
40,0.4,20,1,3.326338365,0.649562552,11.82575126,27.32385608
22,0.5,32,0.6,1.333650196,0.222699262,20.22011512,27.67051432
31,0.5,32,0.6,1.296097192,0.23676492,20.25652063,27.73103244
40,0.5,32,0.6,1.291088281,0.239580394,20.27729203,27.75813795
22,0.6,32,0.6,1.355754731,0.142170802,21.5226144,29.00410639
22,0.7,32,0.6,1.314833569,0.251686616,21.98290546,29.0115326
31,0.6,32,0.6,1.31842103,0.158335894,21.55975723,29.06472604
31,0.7,32,0.6,1.275278045,0.220686171,22.02220051,29.07104796
40,0.6,32,0.6,1.313374993,0.160648567,21.57815759,29.0908468
40,0.7,32,0.6,1.270416183,0.218756694,22.03792939,29.0927163
22,0.2,32,1,6.435296346,0.688426447,11.87782006,29.12440506
13,0.5,20,1,2.919484007,0.42359635,13.19302045,29.13518612
40,0.2,32,1,6.402141004,0.698912602,11.90655607,29.18804239
22,0.3,32,0.8,3.021421698,0.058414342,16.67192183,29.66648264
31,0.3,32,0.8,2.982174212,0.047922403,16.70309357,29.72202339
40,0.3,32,0.8,2.978214402,0.045133049,16.71738261,29.74743025
13,0.4,32,0.8,3.551913396,0.022730228,17.51410552,30.14074425
22,0.5,20,1,2.327332448,0.631103651,13.65101192,30.16848966
31,0.5,20,1,2.321898931,0.633599677,13.66547419,30.19804882
40,0.5,20,1,2.316347882,0.634466528,13.66819778,30.20229113
13,0.6,20,1,2.300262937,0.265315119,14.50944487,30.35406873
22,0.4,32,0.4,4.536489089,1.205802067,26.20313691,30.59941087
13,0.7,20,1,1.846101424,0.061477885,15.27965001,30.97733326
22,0.6,20,1,1.715710569,0.472866109,14.95352413,31.33502291
31,0.6,20,1,1.708804573,0.4747347,14.96811405,31.36275717
40,0.6,20,1,1.702673393,0.47562983,14.9695156,31.3672151
22,0.7,20,1,1.340582706,0.121948173,15.64221274,31.77915607
31,0.7,20,1,1.333070437,0.123178003,15.65429948,31.80177826
40,0.7,20,1,1.32689618,0.124104172,15.65690483,31.80489018
13,0.5,32,0.8,3.326353777,0.151677313,18.82890588,32.80930984
13,0.3,32,1,5.45091934,0.424455015,14.09396687,33.38888469
4,0.6,32,0.6,5.984330285,26.36132872,24.36314287,34.53974561
22,0.4,32,0.8,1.85169481,0.688930902,20.03774758,34.60492664
31,0.4,32,0.8,1.802456708,0.704524025,20.07761191,34.67819681
40,0.4,32,0.8,1.796357924,0.708009751,20.09713752,34.71134804
13,0.6,32,0.8,3.171939898,0.026245228,20.75312909,35.22004092
13,0.7,32,0.8,2.862179435,0.399024126,22.56922902,36.15475589
22,0.3,32,1,3.772795637,1.043792658,15.9514694,37.661561
31,0.3,32,1,3.721756531,1.056132931,15.98448586,37.73312292
40,0.3,32,1,3.716718785,1.059848936,15.99833575,37.76544945
22,0.5,32,0.8,1.472158481,0.945648812,21.60709101,37.91553038
31,0.5,32,0.8,1.419367601,0.963133684,21.64865504,37.99772876
40,0.5,32,0.8,1.412277865,0.966618274,21.6670599,38.03399639
13,0.4,32,1,4.344071189,0.699557521,17.19823912,38.44565721
22,0.6,32,0.8,1.362337284,0.722041788,23.59878777,40.36676025
31,0.6,32,0.8,1.311696653,0.73887524,23.63797058,40.44704878
22,0.7,32,0.8,1.29679454,0.203248638,25.10720567,40.47343471
40,0.6,32,0.8,1.304401295,0.741649994,23.65794652,40.48297321
31,0.7,32,0.8,1.250016681,0.223005478,25.14331772,40.54182536
40,0.7,32,0.8,1.243108525,0.224691006,25.15940021,40.57095913
13,0.5,32,1,3.898879572,0.705647079,19.88476895,42.00518517
22,0.4,32,1,2.1378164,1.513432547,19.76620338,44.15320994
31,0.4,32,1,2.073213014,1.530878277,19.80872032,44.24707219
40,0.4,32,1,2.065342554,1.535135779,19.82843293,44.28971987
4,0.7,32,0.8,8.906507122,25.00981659,27.28813954,44.29603337
13,0.6,32,1,3.609400552,0.362123969,20.21188316,44.75379769
13,0.7,32,1,3.198855404,0.094280195,21.8448839,46.20234307
22,0.5,32,1,1.487714328,1.598890139,22.91477994,48.50734972
31,0.5,32,1,1.418165803,1.619007346,22.96279931,48.61191142
40,0.5,32,1,1.40883993,1.622943466,22.9864463,48.659119
22,0.6,32,1,1.300785832,1.163372268,23.01548209,51.21834976
40,0.6,32,1,1.215395631,1.231295389,23.10604647,51.29271408
31,0.6,32,1,1.235027547,1.181817638,23.05690793,51.31899765
22,0.7,32,1,1.183219979,0.57427782,24.26787929,51.60005342
31,0.7,32,1,1.125721599,0.591113445,24.30132513,51.6806585
40,0.7,32,1,1.111278645,0.566742228,24.34927138,51.84838506
4,0.6,32,0.8,4.73824864,16.77494478,30.44941072,53.65781612
31,0.2,32,1,3.314166145,5.208044536,23.58163979,56.40386085
4,0.6,32,1,1.924057427,8.920622691,31.50153378,71.66763328
4,0.7,14,0.2,1.157677134,2.37105516,2.083748422,1.281675875
4,0.5,14,0.2,1.27467621,2.823134403,2.236893296,1.363621021
4,0.4,14,0.2,1.268560017,2.954579358,2.51561873,1.444003792
4,0.3,14,0.2,1.190428226,2.829470318,3.051818129,1.578810556
4,0.2,14,0.2,1.156697513,3.35321441,4.156601323,1.590243025
13,0.2,14,0.2,1.320428053,3.621319154,5.200514201,2.21405456
22,0.2,14,0.2,1.314872752,3.623486605,5.211228083,2.223901634
31,0.2,14,0.2,1.314731981,3.624066092,5.212712841,2.22455041
40,0.2,14,0.2,1.314492631,3.623784085,5.212042055,2.224552392
4,0.3,26,0.2,1.695743197,3.663866244,3.126165893,2.235180744
4,0.7,26,0.2,2.524921985,20.32495457,2.247308778,2.253488123
4,0.6,14,0.2,1.631000775,8.374017396,2.452490939,2.26068156
4,0.2,26,0.2,1.479818793,3.20454945,4.272447634,2.584298745
13,0.7,14,0.2,0.858338371,2.28801206,4.04081182,2.589889734
13,0.3,14,0.2,1.22127698,2.754635345,4.593728777,2.626151007
22,0.3,14,0.2,1.211029562,2.755580871,4.607758211,2.641593951
40,0.3,14,0.2,1.210349609,2.755906225,4.608809483,2.642592564
31,0.3,14,0.2,1.2106438,2.755869583,4.608865265,2.642617577
22,0.7,14,0.2,0.79979225,2.137998938,4.127150082,2.657913696
31,0.7,14,0.2,0.793395392,2.116725789,4.139533226,2.666283863
40,0.7,14,0.2,0.792171433,2.114063773,4.140652126,2.667214351
13,0.4,14,0.2,1.10440181,2.559558859,4.634621389,2.904292086
22,0.4,14,0.2,1.088068537,2.553607035,4.655642601,2.92591008
31,0.4,14,0.2,1.087429,2.553897607,4.656888068,2.927205542
40,0.4,14,0.2,1.087054139,2.553482095,4.657079739,2.927437392
13,0.6,14,0.2,0.920536514,2.173280956,4.327615339,2.979018778
22,0.6,14,0.2,0.892782568,2.140599306,4.362174063,3.010391423
31,0.6,14,0.2,0.889453509,2.132067151,4.368050873,3.014727523
40,0.6,14,0.2,0.888928055,2.132101875,4.367484506,3.014733289
13,0.5,14,0.2,1.008330036,2.398266134,4.567701,3.033801647
22,0.5,14,0.2,0.984454012,2.373573718,4.600658607,3.062827623
31,0.5,14,0.2,0.983510971,2.373556659,4.60201411,3.064320966
40,0.5,14,0.2,0.983050162,2.373565288,4.601645866,3.064354056
4,0.5,14,0.4,2.285516592,2.824971142,3.147718306,3.160884883
4,0.2,14,0.4,2.209680874,2.051777394,3.829788837,3.293700041
4,0.4,14,0.4,2.173447217,2.603089852,3.690546336,3.416619967
4,0.3,14,0.4,2.104870228,2.280424186,4.063984331,3.54132399
4,0.6,26,0.2,2.544143389,20.09814368,3.023566429,3.794383752
13,0.2,26,0.2,1.5765975,3.26935344,5.925906055,3.799509313
22,0.2,26,0.2,1.507179581,3.298575628,6.130649626,3.994573003
31,0.2,26,0.2,1.507329516,3.298131617,6.137858597,3.997460181
40,0.2,26,0.2,1.50707797,3.298416094,6.135500564,3.998838805
4,0.5,26,0.4,3.173404942,3.502212444,3.980448894,4.302700622
13,0.3,26,0.2,1.30620742,2.723052407,6.252518422,4.549694361
4,0.7,14,0.6,3.121112071,2.906931985,3.858962574,4.564114669
13,0.2,14,0.4,2.440862605,1.709265017,5.125932904,4.682892362
13,0.7,26,0.2,1.302300646,2.893847426,5.851072059,4.691872345
22,0.2,14,0.4,2.427178619,1.700765823,5.147507393,4.705536509
40,0.2,14,0.4,2.426174125,1.700477558,5.148874504,4.706799304
31,0.2,14,0.4,2.426654284,1.700569997,5.147558416,4.706958456
4,0.4,26,0.4,3.057117198,3.646100322,4.482254134,4.829032094
4,0.7,14,0.4,2.695685943,9.947215307,4.941568162,4.83939328
22,0.3,26,0.2,1.166003166,2.738205299,6.563884812,4.869098756
31,0.3,26,0.2,1.165515994,2.739178642,6.569020485,4.873522055
40,0.3,26,0.2,1.164787104,2.739152946,6.571594716,4.875794435
4,0.6,14,0.6,3.206912603,2.703206763,3.822000044,5.004058485
4,0.2,14,0.6,3.280994752,1.403516897,3.637058759,5.006333885
13,0.4,26,0.2,1.202756669,2.33082833,6.482413722,5.084997228
13,0.6,26,0.2,1.199193829,2.245849543,6.586191736,5.200092292
4,0.5,26,0.2,2.583411786,18.76154023,3.809649618,5.320585288
4,0.5,14,0.6,3.203375667,2.439457483,3.976850396,5.356155281
13,0.5,26,0.2,1.169948078,2.116364039,6.77288153,5.450762106
4,0.3,14,0.6,3.169255948,1.772782544,4.296364729,5.477368854
22,0.4,26,0.2,1.000782963,2.292980594,6.893635184,5.518146458
31,0.4,26,0.2,0.999672147,2.292914951,6.900097171,5.524015056
40,0.4,26,0.2,0.998728246,2.293019259,6.903268992,5.527125007
22,0.7,26,0.2,0.832847909,1.840147716,6.816074191,5.543549923
31,0.7,26,0.2,0.827404743,1.823349603,6.82877223,5.555973906
4,0.4,14,0.6,3.110058905,2.094015484,4.255437099,5.569877572
40,0.7,26,0.2,0.820219591,1.797458243,6.84659836,5.569961324
4,0.3,26,0.4,2.64880339,3.222438705,5.726936719,5.630894299
4,0.2,26,0.4,2.678946866,3.020111085,6.292392656,5.769055181
22,0.6,26,0.2,0.887213806,1.881447028,7.221719692,5.799380227
40,0.6,26,0.2,0.874924093,1.840170201,7.255438814,5.825604023
13,0.3,14,0.4,2.081556282,1.861590409,6.27637437,5.860793288
22,0.3,14,0.4,2.056200238,1.850584688,6.307201647,5.897167779
31,0.3,14,0.4,2.055051165,1.850220368,6.30927336,5.899508388
40,0.3,14,0.4,2.054472721,1.849442205,6.309093118,5.899688595
22,0.5,26,0.2,0.933649205,2.044644117,7.251679487,5.951818555
31,0.5,26,0.2,0.927692388,2.026218568,7.268333771,5.965422387
40,0.5,26,0.2,0.926487561,2.026144814,7.271505659,5.968968802
4,0.4,26,0.2,2.292707802,15.08276721,4.890165432,6.390945148
4,0.2,14,0.8,4.173193769,0.903325759,3.198962367,6.406496817
31,0.2,26,0.6,3.357857031,0.598572013,4.893459007,6.659346357
13,0.4,14,0.4,1.67942262,1.780372367,6.913993728,6.720162431
13,0.7,14,0.4,1.016984361,1.488162274,6.941014126,6.728431257
22,0.4,14,0.4,1.644113496,1.765929635,6.951030651,6.767842531
31,0.4,14,0.4,1.642313046,1.765514662,6.953539976,6.7708695
40,0.4,14,0.4,1.641437587,1.765449137,6.953410181,6.770970607
31,0.7,14,0.4,0.964116589,1.444580478,6.985125252,6.782952458
40,0.7,14,0.4,0.962884177,1.44455986,6.985030533,6.783054728
4,0.6,14,0.4,2.397034161,8.33331605,5.993299506,6.896669426
4,0.7,14,0.8,3.964012558,2.652305279,4.463537235,6.952898751
22,0.2,14,0.8,4.578153408,1.739473122,2.987205752,7.011257746
4,0.6,14,0.8,4.049571645,2.362002945,4.27695956,7.140364602
13,0.2,14,0.6,3.547439784,0.706510014,5.088369144,7.205798666
13,0.5,14,0.4,1.387735134,1.593037645,7.105628449,7.216076331
22,0.2,14,0.6,3.523409112,0.691776628,5.115965391,7.242318609
40,0.2,14,0.6,3.521936353,0.691197048,5.117982039,7.244787248
31,0.2,14,0.8,3.473050121,0.669090069,5.062396702,7.244787595
31,0.2,14,0.6,3.522661956,0.691288594,5.115576948,7.244787595
4,0.5,26,0.6,4.437141644,3.055273152,5.049167142,7.24638007
22,0.5,14,0.4,1.343722118,1.571504547,7.145011694,7.271287045
40,0.5,14,0.4,1.340444762,1.570187194,7.147606119,7.274555108
31,0.5,14,0.4,1.341471006,1.570349363,7.147797073,7.274634214
4,0.3,14,0.8,4.208377371,1.310180923,4.139777808,7.295610878
13,0.6,14,0.4,1.188224586,1.485969448,7.062799177,7.347944675
22,0.6,14,0.4,1.137111902,1.448258755,7.107453348,7.407825596
31,0.6,14,0.4,1.134493725,1.447753783,7.109980314,7.411067131
40,0.6,14,0.4,1.13333124,1.4477046,7.109573952,7.411103757
4,0.5,14,0.8,4.078621389,2.028099319,4.283925311,7.424689522
4,0.4,14,0.8,4.082575231,1.661939976,4.38116711,7.612565682
4,0.2,14,1,4.899029487,0.617310135,2.764268734,7.691407922
4,0.4,26,0.6,4.130543496,2.928924184,6.015575549,8.25090135
13,0.2,26,0.4,2.772399979,2.83019706,8.853961975,8.495085747
4,0.7,14,1,4.719245938,2.323443525,4.747733124,8.866914912
22,0.2,26,0.4,2.592259936,2.771106858,9.249590382,8.949180541
31,0.2,26,0.4,2.59178611,2.770941426,9.256503687,8.955713961
40,0.2,26,0.4,2.59083221,2.770447215,9.258521242,8.958822816
4,0.2,26,0.6,4.172987289,2.364547857,6.712790203,8.981387612
4,0.3,14,1,5.134787143,0.939233858,3.857100269,9.049057705
13,0.3,14,0.6,3.09231784,0.939721679,6.835570679,9.150475026
4,0.6,14,1,4.859112609,2.024150043,4.428619846,9.177264738
22,0.3,14,0.6,3.050259397,0.919659862,6.877694741,9.209097827
31,0.3,14,0.6,3.048208613,0.918770178,6.880695303,9.212769449
40,0.3,14,0.6,3.047050193,0.918683407,6.880844742,9.212918436
4,0.3,26,0.6,3.798979562,2.552574665,6.855589875,9.221444984
4,0.5,14,1,4.952688876,1.669383652,4.255104437,9.304501897
13,0.2,14,0.8,4.434366575,0.012427543,4.633804008,9.383016849
4,0.7,26,0.4,4.72897941,28.4648696,8.470712449,9.42991204
40,0.2,14,0.8,4.39706305,0.004028333,4.66401836,9.436799447
4,0.7,26,0.8,5.384224272,2.136673718,5.629771294,9.478581589
4,0.4,14,1,5.020040352,1.307994838,4.256077785,9.51844507
4,0.5,26,0.8,5.596638465,2.496198302,5.839992724,10.33644065
13,0.3,26,0.4,1.98052763,2.215714241,10.02986506,10.47292723
13,0.4,14,0.6,2.44229254,1.00467815,7.884177723,10.7129186
31,0.3,14,1,5.7477974,2.835400282,4.14295739,10.77047906
22,0.4,14,0.6,2.384369519,0.980108587,7.933610098,10.78969399
40,0.4,14,0.6,2.379681391,0.978456293,7.937350865,10.7942414
31,0.4,14,0.6,2.381205556,0.979142244,7.937030802,10.79438975
13,0.7,14,0.6,1.269077024,1.039778925,9.032391398,10.82688404
22,0.7,14,0.6,1.198576979,0.996269642,9.079747654,10.8963479
31,0.7,14,0.6,1.193933366,0.99532637,9.081620669,10.90020706
40,0.7,14,0.6,1.191766483,0.995177095,9.081254735,10.90110241
22,0.3,26,0.4,1.639000395,2.111158264,10.63620832,11.22257922
31,0.3,26,0.4,1.636981362,2.110476016,10.64526945,11.23288598
40,0.3,26,0.4,1.63522385,2.109835252,10.64872312,11.23811549
13,0.2,14,1,5.117179789,0.331632774,4.101776999,11.39422349
22,0.2,14,1,5.070606303,0.344818052,4.127152462,11.45820224
31,0.2,14,1,5.068971754,0.345284959,4.126631514,11.46215328
40,0.2,14,1,5.06761603,0.345303294,4.128731626,11.4622502
4,0.4,26,0.8,5.229826723,2.224167017,6.510037759,11.52432258
13,0.5,14,0.6,1.915901287,0.967854048,8.614067471,11.69763029
22,0.5,14,0.6,1.848317556,0.938935308,8.665798713,11.78309603
31,0.5,14,0.6,1.844353204,0.937740845,8.669631977,11.78819819
40,0.5,14,0.6,1.842468043,0.93766307,8.671607049,11.78843589
13,0.6,14,0.6,1.545910133,0.964164721,9.011105222,11.79996179
22,0.6,14,0.6,1.474138764,0.927760746,9.063628152,11.88363911
31,0.6,14,0.6,1.469632883,0.926756272,9.066656347,11.88863384
40,0.6,14,0.6,1.467566326,0.926607694,9.06605619,11.88869101
13,0.4,26,0.4,1.663191113,1.656567177,11.11463885,11.9223635
4,0.2,26,0.8,5.625697258,1.571737649,6.417689142,12.05438662
4,0.7,26,1,6.531209771,1.928485107,5.5338533,12.12214754
4,0.6,26,1,6.761115774,2.032610819,5.646524233,12.27624652
13,0.3,14,0.8,4.05473798,0.123642808,6.772136295,12.30970245
22,0.3,14,0.8,3.99461846,0.099054747,6.820228797,12.39078156
31,0.3,14,0.8,3.991573622,0.097896142,6.82349477,12.39595923
40,0.3,14,0.8,3.989877013,0.097845322,6.823654413,12.39630528
4,0.3,26,0.8,5.076193754,1.86968065,6.908937386,12.55437603
22,0.4,26,0.4,1.207070301,1.480379206,11.90485929,12.92360273
31,0.4,26,0.4,1.203871061,1.479157237,11.91615543,12.93712383
40,0.4,26,0.4,1.201342482,1.478345246,11.92206712,12.94446427
13,0.5,26,0.4,1.609220979,1.329739626,12.03101267,12.99564996
4,0.5,26,1,6.636036293,1.968239175,5.868856271,13.06929652
13,0.7,26,0.4,1.520698741,1.422357423,12.22939261,13.08752313
13,0.2,26,0.6,4.282649499,1.716405513,9.590621235,13.34116977
13,0.6,26,0.4,1.582518181,1.173444063,12.42887004,13.50376458
4,0.6,26,0.4,4.185508837,24.51584655,10.80496437,13.52023344
22,0.2,26,0.6,3.990739738,1.573712542,10.0857901,14.07059336
40,0.2,26,0.6,3.988455293,1.571466247,10.09731329,14.08588798
22,0.7,26,0.4,1.036201841,1.092660067,13.07038329,14.09695844
31,0.7,26,0.4,1.023142743,1.060993094,13.09522855,14.12433547
40,0.7,26,0.4,1.019589072,1.057822099,13.10086603,14.1320314
22,0.5,26,0.4,1.097515865,1.085629675,12.94872165,14.15427955
31,0.5,26,0.4,1.093663126,1.084006065,12.96175602,14.16961685
40,0.5,26,0.4,1.090752015,1.082916268,12.9684588,14.17785983
13,0.4,14,0.8,3.269143609,0.250852228,8.268492996,14.58663111
22,0.6,26,0.4,1.079526512,0.932293134,13.34961016,14.65026347
40,0.6,26,0.4,1.069408595,0.91999089,13.37167388,14.67790364
4,0.4,26,1,6.342830375,1.633524927,6.429704474,14.68751364
22,0.4,14,0.8,3.187275198,0.219257739,8.329257542,14.69239539
40,0.4,14,0.8,3.180299569,0.217965812,8.333955176,14.69889094
31,0.4,14,0.8,3.182612594,0.218040983,8.33321477,14.69894979
4,0.2,26,1,6.880431866,0.919895602,5.962586798,14.90487502
13,0.3,14,1,4.85497011,0.475346224,6.47793208,15.39229027
22,0.3,14,1,4.774517015,0.500872205,6.527639549,15.49401579
40,0.3,14,1,4.768333861,0.501970325,6.531329078,15.50162709
4,0.3,26,1,6.31015505,1.328339221,6.787350515,15.5338348
13,0.7,14,0.8,1.554788141,0.58386041,10.19758836,15.84306254
13,0.5,14,0.8,2.5368041,0.332407517,9.200777671,15.90400552
22,0.7,14,0.8,1.463813488,0.542781542,10.24667724,15.93401421
31,0.7,14,0.8,1.456947714,0.541508504,10.24958523,15.93942021
40,0.7,14,0.8,1.453658021,0.541217077,10.24924878,15.93953336
22,0.5,14,0.8,2.44222391,0.29607564,9.263768459,16.02004661
31,0.5,14,0.8,2.436289874,0.294660718,9.268145165,16.02689986
40,0.5,14,0.8,2.433484266,0.294518252,9.268557187,16.02737308
13,0.6,14,0.8,1.980415184,0.434221686,9.887791218,16.30588532
22,0.6,14,0.8,1.884425191,0.395511897,9.94668417,16.41563926
31,0.6,14,0.8,1.877740362,0.394090425,9.950730458,16.421926
40,0.6,14,0.8,1.87459932,0.393844842,9.950680922,16.42199949
13,0.3,26,0.6,3.019621783,1.540491524,12.18826853,16.73225121
22,0.3,26,0.6,2.481183402,1.331377845,12.99916268,17.93629851
31,0.3,26,0.6,2.477744085,1.329569227,13.01081084,17.95264867
40,0.3,26,0.6,2.474840491,1.328405036,13.01705103,17.96149348
13,0.2,26,0.8,5.744171295,0.501736505,9.337154675,18.04295234
13,0.4,14,1,4.014381225,0.389573308,8.157881352,18.28886165
22,0.4,14,1,3.90763316,0.424465996,8.224407587,18.42438301
31,0.4,14,1,3.901398079,0.425949996,8.228926628,18.43274992
40,0.4,14,1,3.89795235,0.426051634,8.229405604,18.4332198
13,0.4,26,0.6,2.360181701,0.992635511,14.02833851,19.04907962
22,0.2,26,0.8,5.331670183,0.297016222,9.876065537,19.05258487
31,0.2,26,0.8,5.33016131,0.294526421,9.879019725,19.06701295
40,0.2,26,0.8,5.328213599,0.293258934,9.887074262,19.07394816
13,0.7,14,1,1.836582171,0.166862783,10.6611675,19.67731464
22,0.7,14,1,1.723283692,0.126868138,10.71272196,19.78290834
40,0.7,14,1,1.709355711,0.124987257,10.71586021,19.78893172
31,0.7,14,1,1.713912111,0.125349842,10.71660057,19.78906637
13,0.5,14,1,3.138363833,0.244162149,9.190032239,19.82515893
22,0.5,14,1,3.014616664,0.284270219,9.258973416,19.97083203
31,0.5,14,1,3.00659531,0.285897701,9.264232419,19.97928994
40,0.5,14,1,3.002772795,0.286009188,9.264907592,19.97978567
13,0.6,14,1,2.415089654,0.061069507,10.12354229,20.63236778
22,0.4,26,0.6,1.652899106,0.694392713,15.09875977,20.63915039
31,0.4,26,0.6,1.647493947,0.692021087,15.11371261,20.66046273
40,0.4,26,0.6,1.643359408,0.690470463,15.12299452,20.67209436
22,0.6,14,1,2.290594303,0.102897669,10.18747391,20.76905803
31,0.6,14,1,2.281524505,0.104550228,10.19226048,20.77692136
40,0.6,14,1,2.27717242,0.104860002,10.19279674,20.77707756
13,0.5,26,0.6,2.13128055,0.6270351,14.72883524,20.8188869
4,0.7,26,0.6,6.346040077,24.1457402,16.43544486,21.42543124
13,0.7,26,0.6,1.829010893,0.775656724,16.59435901,21.69232211
13,0.6,26,0.6,2.015119495,0.599774968,15.94376532,21.85378289
13,0.2,26,1,6.967679143,0.477283212,8.79735881,22.46853651
22,0.5,26,0.6,1.345727891,0.26631504,15.88657309,22.63687299
31,0.5,26,0.6,1.339279415,0.263675828,15.90325968,22.66087745
40,0.5,26,0.6,1.334486655,0.261978532,15.91382832,22.67400613
13,0.3,26,0.8,4.186296682,0.501050833,12.29922788,22.78363481
22,0.7,26,0.6,1.160087531,0.469563476,17.61986261,23.16626282
31,0.7,26,0.6,1.149343387,0.458119319,17.63794345,23.19057624
40,0.7,26,0.6,1.144636686,0.4569045,17.6456677,23.20086235
22,0.6,26,0.6,1.247557121,0.238916626,17.12426643,23.6494968
31,0.6,26,0.6,1.24052635,0.23611916,17.13995096,23.6729572
40,0.6,26,0.6,1.235567572,0.234522832,17.14701654,23.68541992
22,0.2,26,1,6.425142449,0.717226452,9.347941463,23.763166
31,0.2,26,1,6.422888304,0.720201107,9.35055491,23.78130811
40,0.2,26,1,6.420413273,0.722008108,9.359158647,23.79035438
22,0.3,26,0.8,3.449032623,0.211018223,13.18539149,24.44020401
31,0.3,26,0.8,3.444177794,0.208146043,13.19754228,24.4626947
40,0.3,26,0.8,3.440102377,0.206413792,13.20437708,24.47504971
13,0.4,26,0.8,3.162779824,0.206499697,14.8628302,26.08619629
4,0.6,26,0.6,4.448264537,18.28862892,18.97788691,27.47549606
22,0.4,26,0.8,2.188748763,0.183221242,16.06373628,28.26941737
31,0.4,26,0.8,2.181035152,0.186600373,16.0806054,28.2984295
40,0.4,26,0.8,2.175287067,0.189156157,16.0900066,28.31451468
13,0.3,26,1,5.28173677,0.425978212,12.19549446,28.42696733
13,0.5,26,0.8,2.67458614,0.010094135,16.72567649,28.80162981
13,0.6,26,0.8,2.401306968,0.091009016,17.24763747,30.37720419
22,0.3,26,1,4.335702855,0.777419232,13.14627083,30.52787629
31,0.3,26,1,4.329397401,0.781194035,13.15889967,30.55622538
40,0.3,26,1,4.324177664,0.783429848,13.16619884,30.57197664
13,0.7,26,0.8,2.124575565,0.380473033,18.146014,30.72612097
22,0.5,26,0.8,1.592494793,0.438814721,18.09371757,31.29025269
31,0.5,26,0.8,1.583050707,0.44233477,18.111511,31.32228758
40,0.5,26,0.8,1.576172366,0.444712999,18.1218889,31.33997903
22,0.7,26,0.8,1.210519241,0.009694212,19.23971248,32.73185804
22,0.6,26,0.8,1.347973125,0.339015913,18.53672608,32.82014051
31,0.7,26,0.8,1.196513131,0.012599102,19.26842126,32.8308482
40,0.7,26,0.8,1.189721997,0.011062886,19.27286598,32.84471312
31,0.6,26,0.8,1.338074223,0.341918653,18.55238931,32.85107093
40,0.6,26,0.8,1.330960592,0.344029461,18.56207033,32.86789906
13,0.4,26,1,3.947295037,0.550328667,14.66773267,33.07226011
22,0.4,26,1,2.684318655,0.999273417,15.91561802,35.8521326
31,0.4,26,1,2.674157339,1.003461703,15.93281671,35.88910693
40,0.4,26,1,2.666627509,1.006298843,15.94263762,35.90964729
13,0.5,26,1,3.20496296,0.588283032,16.69077772,36.09968112
13,0.6,26,1,2.738007619,0.383244299,17.09144166,38.9444126
22,0.5,26,1,1.809866629,1.094025763,18.10049989,39.2136569
31,0.5,26,1,1.797373882,1.098217201,18.11994428,39.25414386
40,0.5,26,1,1.788357497,1.100990843,18.13082663,39.27647642
13,0.7,26,1,2.348732204,0.021831915,18.18725438,39.46334773
22,0.7,26,1,1.172095604,0.382001965,19.27432012,41.9755076
31,0.7,26,1,1.159243818,0.384688758,19.28645043,42.00621029
40,0.7,26,1,1.150167643,0.386596843,19.29543226,42.02349024
22,0.6,26,1,1.365777563,0.865352556,18.38245993,42.02977121
31,0.6,26,1,1.352347545,0.868852799,18.39996188,42.06902815
40,0.6,26,1,1.342811594,0.871301208,18.40969306,42.0906803
4,0.6,26,0.8,3.158785198,10.57205154,23.22179887,42.26721544
